,credit_level,buss_type,bal,norm_bal_x,dlay_bal,dull_bal,fine_pr_int,fine_intr_int,all_bal,loan_amt,loan_bal,inte_settle_type,bad_bal,due_intr,norm_bal_y,delay_bal_y,buss_amt,dlay_amt,loan_use_y,pay_freq
count,7802.0,5381.0,5381.0,5381.0,5381.0,5381.0,5381.0,5381.0,7743.0,3621.0,3621.0,3621.0,3091.0,3091.0,3091.0,3091.0,1843.0,1843.0,1843.0,1843.0
mean,-1.0,439720.07922690944,47037.71106114106,43079.8449210184,441.3405463668463,3516.525593755807,121.75064857833117,1.1169652480951497,52910.11912953636,354263.18030378345,317622.6691604529,10887.07967412317,15475.20128760919,3678.500931737302,217333.72914914266,12033.923364606924,712115.7740965817,1254.9600162778079,0.0,37.896907216494846
std,0.0,2779057.010486749,339475.30427611223,334148.5854606035,20883.05772412436,58921.888803323694,690.9932386108848,18.358616756407528,174603.40012258894,1096062.987411855,1006638.1173517177,100442.26515652316,105433.3766163996,35930.51754817986,528400.0264252332,104037.22098606202,2472104.557666536,35541.00303511945,0.0,74.71495021224146
min,-1.0,0.0,0.0,0.0,0.0,0.0,0.0,0.0,0.0,256.42,0.0,0.0,0.0,0.0,0.0,0.0,50.0,0.0,0.0,3.0
25%,-1.0,60000.0,0.0,0.0,0.0,0.0,0.0,0.0,65.025,89730.0,70000.0,0.0,0.0,0.0,50000.0,0.0,90000.0,0.0,0.0,7.0
50%,-1.0,150000.0,0.0,0.0,0.0,0.0,0.0,0.0,1301.08,200000.0,170000.0,0.0,0.0,0.0,100000.0,0.0,220000.0,0.0,0.0,14.0
75%,-1.0,300000.0,0.0,0.0,0.0,0.0,0.0,0.0,31162.445,390000.0,318089.83,0.0,0.0,0.0,275366.245,0.0,585000.0,0.0,0.0,35.0
max,-1.0,137960000.0,18500000.0,18500000.0,1500000.0,3243500.0,20583.33,611.0,7085820.61,39000000.0,38500000.0,3243500.0,3243500.0,1066019.45,18500000.0,3243500.0,66428172.97,1500000.0,0.0,1130.0
